State, parcel_level, s, pass, number of parcels, number of fixings, percent fixed, time, 
IL,tract,30,2,"3,265","23",0.70,"2,404.80"
MS,county,19,2,"82","1",1.22,"0.84"
LA,tract,15,1,"1,388","1",0.07,"2.66"
TX,tract,28,2,"6,896","83",1.20,"42,783.54"
MO,tract,32,2,"1,654","0",0.00,"4,805.55"
TN,tract,44,2,"1,701","42",2.47,"3,795.70"
IL,tract,27,2,"3,265","146",4.47,"2,016.92"
NC,tract,27,2,"2,672","115",4.30,"14,372.44"
MS,county,26,3,"82","1",1.22,"0.40"
TN,tract,45,3,"1,701","22",1.29,"3,529.58"
PA,tract,17,2,"3,446","2,276",66.05,"328.24"
PA,tract,37,3,"3,446","960",27.86,"6,864.42"
NC,tract,19,3,"2,672","762",28.52,"8,732.58"
NJ,tract,30,2,"2,181","58",2.66,"2,485.91"
IL,tract,21,2,"3,265","462",14.15,"1,641.58"
MI,tract,15,2,"3,017","1,485",49.22,"335.34"
PA,tract,39,3,"3,446","872",25.30,"8,366.82"
TN,tract,25,2,"1,701","645",37.92,"1,302.67"
TX,tract,15,3,"6,896","6,896",100.00,"1,644.88"
TN,tract,35,3,"1,701","334",19.64,"1,275.33"
NC,tract,17,3,"2,672","1,830",68.49,"4,071.87"
MS,county,32,2,"82","1",1.22,"0.83"
MS,tract,16,3,"878","45",5.13,"59.60"
TN,tract,45,1,"1,701","1",0.06,"35.29"
MS,tract,16,2,"878","5",0.57,"18.61"
IL,tract,23,1,"3,265","130",3.98,"31.15"
MO,tract,18,1,"1,654","827",50.00,"25.95"
PA,tract,41,2,"3,446","580",16.83,"3,090.87"
SC,tract,16,2,"1,323","129",9.75,"494.73"
SC,tract,19,2,"1,323","49",3.70,"536.89"
PA,tract,42,1,"3,446","161",4.67,"61.83"
PA,tract,49,3,"3,446","147",4.27,"19,051.57"
MS,county,37,2,"82","1",1.22,"0.83"
GA,tract,21,3,"2,796","11",0.39,"2,346.62"
PA,tract,51,3,"3,446","13",0.38,"28,979.15"
NC,tract,30,1,"2,672","10",0.37,"27.99"
OH,tract,23,2,"3,168","69",2.18,"11,784.11"
OH,tract,20,1,"3,168","91",2.87,"36.08"
TX,tract,22,1,"6,896","450",6.53,"291.79"
NC,tract,22,1,"2,672","143",5.35,"24.78"
MS,county,21,2,"82","1",1.22,"0.83"
MS,county,12,2,"82","1",1.22,"0.92"
MO,tract,28,2,"1,654","54",3.26,"5,390.91"
AL,tract,18,2,"1,437","9",0.63,"473.76"
PA,tract,20,3,"3,446","2,267",65.79,"696.30"
MI,tract,19,1,"3,017","507",16.80,"29.99"
MD,tract,21,2,"1,475","31",2.10,"360.26"
PA,tract,42,2,"3,446","453",13.15,"4,242.19"
MD,tract,23,2,"1,475","16",1.08,"386.23"
PA,tract,36,2,"3,446","700",20.31,"2,641.27"
IL,tract,14,3,"3,265","2,097",64.23,"937.90"
MI,tract,28,3,"3,017","379",12.56,"9,536.25"
MS,county,11,3,"82","1",1.22,"0.49"
MS,county,07,1,"82","3",3.66,"0.06"
IL,tract,24,3,"3,265","526",16.11,"7,197.52"
NJ,tract,23,1,"2,181","168",7.70,"22.83"
AL,tract,18,3,"1,437","23",1.60,"442.13"
VA,tract,16,2,"2,198","966",43.95,"1,224.07"
NJ,tract,34,1,"2,181","3",0.14,"29.42"
AL,tract,17,2,"1,437","13",0.90,"483.04"
MO,tract,27,3,"1,654","1,654",100.00,"2,234.26"
NC,tract,14,1,"2,672","789",29.53,"28.82"
TN,tract,17,2,"1,701","1,033",60.73,"102.82"
PA,tract,16,3,"3,446","2,486",72.14,"291.27"
MS,county,23,1,"82","0",0.00,"0.11"
NJ,tract,23,3,"2,181","763",34.98,"2,151.16"
IL,tract,22,1,"3,265","174",5.33,"32.61"
NJ,tract,22,2,"2,181","490",22.47,"3,713.45"
PA,tract,40,2,"3,446","553",16.05,"2,881.19"
MS,county,36,3,"82","1",1.22,"0.40"
NC,tract,27,1,"2,672","48",1.80,"26.62"
NJ,tract,14,2,"2,181","1,321",60.57,"620.43"
IL,tract,28,2,"3,265","115",3.52,"2,129.15"
TX,tract,27,1,"6,896","43",0.62,"250.80"
SC,tract,16,1,"1,323","49",3.70,"5.02"
MI,tract,32,2,"3,017","0",0.00,"2,075.37"
MD,tract,23,1,"1,475","7",0.47,"4.87"
PA,tract,52,3,"3,446","0",0.00,"32,020.69"
AL,tract,20,1,"1,437","0",0.00,"3.92"
OH,tract,24,1,"3,168","7",0.22,"30.59"
NC,tract,21,2,"2,672","402",15.04,"12,527.80"
TN,tract,27,2,"1,701","570",33.51,"1,411.96"
TN,tract,18,2,"1,701","1,039",61.08,"140.94"
TN,tract,27,1,"1,701","193",11.35,"14.83"
MS,county,30,3,"82","1",1.22,"0.40"
LA,tract,16,3,"1,388","11",0.79,"355.90"
PA,tract,38,2,"3,446","661",19.18,"2,630.32"
TN,tract,40,2,"1,701","120",7.05,"4,477.52"
GA,tract,17,1,"2,796","25",0.89,"8.04"
MI,tract,23,1,"3,017","199",6.60,"29.09"
AL,tract,16,3,"1,437","207",14.41,"547.71"
IL,tract,34,2,"3,265","0",0.00,"1,839.07"
MD,tract,25,2,"1,475","11",0.75,"459.92"
OH,tract,17,2,"3,168","1,758",55.49,"4,515.03"
NJ,tract,19,3,"2,181","949",43.51,"1,305.67"
MO,tract,20,2,"1,654","859",51.93,"992.86"
MS,county,38,1,"82","0",0.00,"0.11"
PA,tract,13,3,"3,446","2,718",78.87,"143.49"
TX,tract,24,2,"6,896","716",10.38,"38,924.70"
VA,tract,20,1,"2,198","285",12.97,"19.32"
MS,county,35,1,"82","0",0.00,"0.10"
PA,tract,15,2,"3,446","2,398",69.59,"185.50"
TX,tract,14,3,"6,896","6,896",100.00,"386.70"
MS,county,36,1,"82","0",0.00,"0.09"
PA,tract,44,1,"3,446","97",2.81,"57.49"
TN,tract,40,3,"1,701","120",7.05,"2,420.92"
TX,tract,15,1,"6,896","3,464",50.23,"197.36"
VA,tract,21,3,"2,198","555",25.25,"1,885.22"
PA,tract,52,1,"3,446","0",0.00,"187.97"
OH,tract,26,2,"3,168","16",0.51,"10,839.04"
VA,tract,18,2,"2,198","786",35.76,"1,942.49"
MS,county,24,2,"82","1",1.22,"0.82"
TN,tract,30,1,"1,701","139",8.17,"14.57"
VA,tract,22,3,"2,198","483",21.97,"2,030.59"
MD,tract,24,2,"1,475","18",1.22,"429.44"
NJ,tract,16,3,"2,181","1,271",58.28,"532.78"
NC,tract,13,3,"2,672","2,672",100.00,"55.07"
TX,tract,30,1,"6,896","1",0.01,"242.46"
LA,tract,16,1,"1,388","1",0.07,"2.98"
NC,tract,34,1,"2,672","0",0.00,"34.83"
OH,tract,25,3,"3,168","878",27.71,"22,612.05"
IL,tract,15,1,"3,265","783",23.98,"25.25"
VA,tract,15,1,"2,198","786",35.76,"18.45"
GA,tract,23,3,"2,796","0",0.00,"2,676.54"
MD,tract,18,3,"1,475","48",3.25,"381.99"
MO,tract,19,2,"1,654","1,275",77.09,"156.83"
NJ,tract,13,2,"2,181","1,427",65.43,"486.21"
TX,tract,18,1,"6,896","1,637",23.74,"286.86"
GA,tract,17,2,"2,796","107",3.83,"708.39"
MI,tract,22,3,"3,017","1,270",42.09,"5,272.72"
MS,tract,18,1,"878","0",0.00,"0.98"
LA,tract,14,2,"1,388","8",0.58,"113.15"
MD,tract,23,3,"1,475","28",1.90,"614.75"
TN,tract,46,2,"1,701","7",0.41,"3,556.71"
MI,tract,26,3,"3,017","720",23.86,"7,377.45"
MO,tract,15,1,"1,654","1,384",83.68,"16.90"
TX,tract,17,3,"6,896","5,089",73.80,"25,584.68"
MS,county,25,3,"82","1",1.22,"0.40"
VA,tract,15,3,"2,198","1,162",52.87,"459.50"
NJ,tract,34,2,"2,181","4",0.18,"2,066.78"
LA,tract,18,2,"1,388","0",0.00,"243.30"
TX,tract,13,2,"6,896","5,763",83.57,"1,692.52"
TN,tract,29,3,"1,701","577",33.92,"683.96"
SC,tract,14,3,"1,323","303",22.90,"389.49"
MI,tract,14,1,"3,017","1,307",43.32,"24.10"
TX,tract,26,1,"6,896","71",1.03,"252.12"
PA,tract,17,3,"3,446","2,426",70.40,"423.18"
SC,tract,13,3,"1,323","456",34.47,"470.14"
PA,tract,30,2,"3,446","1,183",34.33,"1,627.17"
VA,tract,29,3,"2,198","102",4.64,"3,755.10"
OH,tract,15,1,"3,168","1,310",41.35,"50.36"
MS,county,32,1,"82","0",0.00,"0.10"
MO,tract,17,2,"1,654","1,654",100.00,"1.97"
MD,tract,18,2,"1,475","41",2.78,"352.69"
MD,tract,16,2,"1,475","58",3.93,"357.23"
TX,tract,14,2,"6,896","5,303",76.90,"3,848.67"
MI,tract,20,3,"3,017","1,494",49.52,"3,478.95"
MI,tract,32,3,"3,017","6",0.20,"9,115.45"
MS,county,34,3,"82","1",1.22,"0.40"
PA,tract,38,1,"3,446","233",6.76,"62.31"
TN,tract,43,1,"1,701","16",0.94,"26.65"
IL,tract,26,3,"3,265","322",9.86,"6,912.74"
PA,tract,28,2,"3,446","1,496",43.41,"846.81"
TX,tract,17,1,"6,896","2,122",30.77,"261.02"
MO,tract,24,2,"1,654","350",21.16,"3,862.98"
MO,tract,15,3,"1,654","1,654",100.00,"0.00"
MI,tract,28,2,"3,017","158",5.24,"3,623.28"
IL,tract,33,3,"3,265","2",0.06,"9,261.20"
TN,tract,16,3,"1,701","1,270",74.66,"29.78"
MO,tract,27,1,"1,654","28",1.69,"18.42"
TN,tract,33,3,"1,701","414",24.34,"1,024.36"
NC,tract,26,2,"2,672","155",5.80,"14,272.74"
OH,tract,28,1,"3,168","0",0.00,"36.50"
MS,county,27,2,"82","1",1.22,"0.83"
LA,tract,15,2,"1,388","1",0.07,"161.65"
OH,tract,15,2,"3,168","2,108",66.54,"2,393.38"
NC,tract,29,1,"2,672","12",0.45,"27.37"
PA,tract,37,2,"3,446","643",18.66,"2,637.05"
MI,tract,27,1,"3,017","38",1.26,"24.23"
PA,tract,14,3,"3,446","2,626",76.20,"217.91"
PA,tract,22,3,"3,446","2,109",61.20,"1,012.36"
MS,county,10,1,"82","0",0.00,"0.06"
OH,tract,18,3,"3,168","2,226",70.27,"4,401.44"
MO,tract,22,2,"1,654","613",37.06,"2,875.47"
MS,county,17,2,"82","1",1.22,"0.85"
MS,county,11,1,"82","0",0.00,"0.10"
NC,tract,22,2,"2,672","345",12.91,"13,274.81"
MS,county,19,1,"82","0",0.00,"0.11"
TN,tract,34,2,"1,701","353",20.75,"3,205.74"
MO,tract,26,2,"1,654","156",9.43,"5,199.10"
GA,tract,21,2,"2,796","4",0.14,"1,060.65"
MS,county,14,1,"82","0",0.00,"0.14"
PA,tract,19,1,"3,446","1,730",50.20,"53.70"
NJ,tract,17,3,"2,181","1,158",53.09,"762.78"
MD,tract,14,3,"1,475","198",13.42,"314.87"
MS,county,39,1,"82","0",0.00,"0.09"
PA,tract,40,3,"3,446","823",23.88,"9,227.90"
TN,tract,37,2,"1,701","249",14.64,"3,752.94"
TN,tract,35,1,"1,701","78",4.59,"15.37"
AL,tract,15,1,"1,437","37",2.57,"3.83"
NC,tract,16,3,"2,672","2,342",87.65,"2,046.44"
MI,tract,26,1,"3,017","65",2.15,"25.04"
MO,tract,32,3,"1,654","0",0.00,"2,651.34"
MS,county,14,3,"82","1",1.22,"0.40"
NC,tract,30,2,"2,672","32",1.20,"15,004.96"
IL,tract,20,1,"3,265","255",7.81,"30.40"
LA,tract,15,3,"1,388","59",4.25,"340.96"
PA,tract,35,3,"3,446","1,037",30.09,"5,914.00"
MS,county,20,1,"82","0",0.00,"0.10"
MS,county,08,3,"82","2",2.44,"0.22"
NC,tract,27,3,"2,672","115",4.30,"5,845.93"
MS,tract,18,2,"878","0",0.00,"25.01"
SC,tract,21,3,"1,323","4",0.30,"532.24"
TN,tract,42,2,"1,701","75",4.41,"4,310.30"
MS,county,33,3,"82","1",1.22,"0.40"
LA,tract,18,1,"1,388","0",0.00,"3.43"
SC,tract,15,1,"1,323","65",4.91,"4.82"
NJ,tract,27,3,"2,181","277",12.70,"3,876.91"
NC,tract,34,3,"2,672","0",0.00,"6,978.24"
IL,tract,29,1,"3,265","20",0.61,"34.10"
MS,county,09,3,"82","1",1.22,"0.23"
PA,tract,16,1,"3,446","1,992",57.81,"42.15"
MI,tract,30,3,"3,017","150",4.97,"10,413.86"
MS,tract,15,1,"878","11",1.25,"0.95"
MO,tract,29,1,"1,654","15",0.91,"21.09"
MD,tract,28,1,"1,475","4",0.27,"11.10"
SC,tract,18,1,"1,323","21",1.59,"4.85"
SC,tract,20,2,"1,323","21",1.59,"754.76"
TN,tract,25,3,"1,701","796",46.80,"488.25"
MD,tract,20,3,"1,475","32",2.17,"480.43"
PA,tract,33,3,"3,446","1,138",33.02,"5,446.57"
TX,tract,29,3,"6,896","37",0.54,"188,155.75"
PA,tract,41,1,"3,446","173",5.02,"62.24"
MI,tract,27,3,"3,017","581",19.26,"8,291.18"
PA,tract,28,1,"3,446","718",20.84,"60.43"
OH,tract,19,2,"3,168","1,098",34.66,"8,170.05"
IL,tract,31,2,"3,265","13",0.40,"2,463.70"
MO,tract,25,3,"1,654","1,654",100.00,"1,605.74"
PA,tract,45,3,"3,446","415",12.04,"14,510.65"
MO,tract,14,3,"1,654","1,654",100.00,"0.00"
MO,tract,16,2,"1,654","1,654",100.00,"1.53"
MS,county,16,3,"82","1",1.22,"0.40"
MI,tract,33,1,"3,017","0",0.00,"32.51"
VA,tract,30,3,"2,198","68",3.09,"3,821.19"
GA,tract,19,1,"2,796","9",0.32,"9.55"
AL,tract,20,3,"1,437","0",0.00,"436.91"
NJ,tract,15,2,"2,181","1,186",54.38,"778.63"
MS,county,13,3,"82","1",1.22,"0.39"
MI,tract,19,3,"3,017","1,592",52.77,"3,113.22"
NC,tract,20,3,"2,672","630",23.58,"7,292.84"
SC,tract,18,3,"1,323","100",7.56,"429.88"
TX,tract,31,2,"6,896","3",0.04,"40,753.56"
MS,county,25,2,"82","1",1.22,"0.83"
MS,county,10,2,"82","1",1.22,"0.87"
MI,tract,14,2,"3,017","1,699",56.31,"146.81"
NC,tract,26,1,"2,672","42",1.57,"26.02"
NJ,tract,21,1,"2,181","261",11.97,"23.12"
NC,tract,17,1,"2,672","358",13.40,"26.65"
TN,tract,41,1,"1,701","18",1.06,"21.34"
TN,tract,16,2,"1,701","1,138",66.90,"28.18"
IL,tract,14,2,"3,265","1,468",44.96,"369.94"
MS,county,24,3,"82","1",1.22,"0.44"
NC,tract,31,3,"2,672","23",0.86,"6,257.99"
TN,tract,22,1,"1,701","483",28.40,"16.38"
SC,tract,14,2,"1,323","179",13.53,"343.68"
MO,tract,18,3,"1,654","1,654",100.00,"0.00"
MS,county,20,3,"82","1",1.22,"0.40"
MI,tract,18,2,"3,017","1,100",36.46,"907.58"
MO,tract,17,1,"1,654","1,038",62.76,"22.79"
MD,tract,17,3,"1,475","56",3.80,"378.67"
VA,tract,17,2,"2,198","859",39.08,"1,556.69"
MI,tract,30,1,"3,017","5",0.17,"23.57"
IL,tract,13,1,"3,265","1,092",33.45,"22.11"
NJ,tract,29,3,"2,181","138",6.33,"4,064.90"
MS,county,29,2,"82","1",1.22,"0.84"
TN,tract,43,3,"1,701","57",3.35,"2,474.11"
PA,tract,36,1,"3,446","236",6.85,"57.91"
PA,tract,31,1,"3,446","488",14.16,"63.72"
TX,tract,18,3,"6,896","3,306",47.94,"62,748.45"
GA,tract,15,2,"2,796","268",9.59,"445.03"
GA,tract,20,3,"2,796","43",1.54,"2,411.56"
PA,tract,47,1,"3,446","53",1.54,"65.63"
VA,tract,32,1,"2,198","0",0.00,"31.80"
TN,tract,38,2,"1,701","213",12.52,"3,889.13"
NJ,tract,14,1,"2,181","967",44.34,"23.65"
MD,tract,27,3,"1,475","12",0.81,"1,212.77"
GA,tract,15,3,"2,796","583",20.85,"801.69"
NC,tract,28,3,"2,672","83",3.11,"5,888.18"
VA,tract,14,2,"2,198","1,161",52.82,"402.32"
MD,tract,18,1,"1,475","22",1.49,"3.95"
MS,county,35,3,"82","1",1.22,"0.40"
PA,tract,18,2,"3,446","2,242",65.06,"305.72"
MS,county,35,2,"82","1",1.22,"0.84"
OH,tract,21,1,"3,168","43",1.36,"33.83"
NC,tract,15,2,"2,672","1,082",40.49,"7,982.61"
SC,tract,17,1,"1,323","29",2.19,"5.01"
MS,county,27,3,"82","1",1.22,"0.40"
NJ,tract,30,3,"2,181","100",4.59,"4,633.14"
TN,tract,38,3,"1,701","221",12.99,"1,895.11"
TX,tract,25,2,"6,896","517",7.50,"40,949.71"
NC,tract,18,1,"2,672","286",10.70,"25.77"
MS,county,08,1,"82","0",0.00,"0.07"
OH,tract,27,3,"3,168","6",0.19,"20,309.69"
PA,tract,28,3,"3,446","1,634",47.42,"2,720.94"
PA,tract,24,1,"3,446","1,178",34.18,"63.64"
MI,tract,22,2,"3,017","771",25.56,"2,085.47"
NJ,tract,12,3,"2,181","1,853",84.96,"138.54"
LA,tract,17,1,"1,388","0",0.00,"3.15"
SC,tract,15,3,"1,323","245",18.52,"315.20"
AL,tract,17,3,"1,437","89",6.19,"523.89"
PA,tract,49,2,"3,446","69",2.00,"5,198.64"
MS,county,24,1,"82","0",0.00,"0.09"
NJ,tract,31,3,"2,181","73",3.35,"4,628.49"
VA,tract,14,1,"2,198","879",39.99,"16.48"
IL,tract,28,3,"3,265","212",6.49,"7,474.74"
PA,tract,33,2,"3,446","789",22.90,"2,470.10"
MI,tract,24,2,"3,017","527",17.47,"2,922.86"
MD,tract,16,3,"1,475","67",4.54,"357.15"
MS,county,34,1,"82","0",0.00,"0.10"
VA,tract,16,1,"2,198","692",31.48,"18.26"
GA,tract,18,1,"2,796","17",0.61,"8.87"
VA,tract,28,1,"2,198","43",1.96,"20.19"
TN,tract,21,3,"1,701","1,136",66.78,"197.34"
VA,tract,18,3,"2,198","872",39.67,"919.64"
IL,tract,18,2,"3,265","869",26.62,"1,308.21"
NJ,tract,25,1,"2,181","89",4.08,"21.63"
PA,tract,25,1,"3,446","1,020",29.60,"59.57"
NJ,tract,17,2,"2,181","903",41.40,"2,370.65"
NC,tract,24,1,"2,672","84",3.14,"26.58"
IL,tract,19,2,"3,265","729",22.33,"1,364.78"
NJ,tract,21,2,"2,181","567",26.00,"3,730.78"
MS,county,15,3,"82","1",1.22,"0.40"
TN,tract,21,2,"1,701","894",52.56,"369.41"
MD,tract,15,3,"1,475","130",8.81,"304.66"
MS,county,40,2,"82","1",1.22,"0.83"
NJ,tract,28,2,"2,181","122",5.59,"2,536.16"
VA,tract,33,2,"2,198","0",0.00,"2,229.95"
VA,tract,20,3,"2,198","674",30.66,"1,480.09"
PA,tract,35,1,"3,446","273",7.92,"58.95"
MD,tract,25,3,"1,475","17",1.15,"585.62"
PA,tract,46,3,"3,446","339",9.84,"15,324.53"
MD,tract,25,1,"1,475","4",0.27,"7.40"
MS,county,08,2,"82","2",2.44,"0.80"
VA,tract,28,3,"2,198","146",6.64,"3,254.63"
TN,tract,19,1,"1,701","658",38.68,"15.02"
MI,tract,33,2,"3,017","0",0.00,"1,730.46"
NJ,tract,33,1,"2,181","6",0.28,"28.05"
TX,tract,17,2,"6,896","3,176",46.06,"20,063.75"
MD,tract,19,3,"1,475","34",2.31,"466.88"
OH,tract,24,2,"3,168","40",1.26,"11,254.13"
TN,tract,48,2,"1,701","0",0.00,"3,787.17"
NJ,tract,20,1,"2,181","313",14.35,"23.28"
MS,county,22,1,"82","0",0.00,"0.11"
MO,tract,21,3,"1,654","1,654",100.00,"369.77"
SC,tract,17,3,"1,323","132",9.98,"396.81"
TN,tract,15,3,"1,701","1,286",75.60,"36.14"
NJ,tract,24,3,"2,181","660",30.26,"2,902.20"
PA,tract,43,2,"3,446","391",11.35,"4,437.99"
MS,county,26,1,"82","0",0.00,"0.11"
MO,tract,15,2,"1,654","1,654",100.00,"0.92"
PA,tract,43,3,"3,446","598",17.35,"12,717.48"
MI,tract,21,1,"3,017","341",11.30,"29.36"
PA,tract,30,1,"3,446","534",15.50,"61.14"
MS,county,21,1,"82","0",0.00,"0.10"
MO,tract,31,2,"1,654","0",0.00,"4,978.34"
IL,tract,31,3,"3,265","20",0.61,"8,643.20"
SC,tract,16,3,"1,323","175",13.23,"375.22"
OH,tract,26,3,"3,168","23",0.73,"26,729.44"
NC,tract,21,3,"2,672","545",20.40,"5,768.35"
VA,tract,24,3,"2,198","363",16.52,"2,578.60"
OH,tract,16,1,"3,168","911",28.76,"48.33"
TN,tract,27,3,"1,701","652",38.33,"504.57"
IL,tract,32,2,"3,265","3",0.09,"2,113.24"
TX,tract,25,3,"6,896","518",7.51,"158,371.49"
MD,tract,27,1,"1,475","5",0.34,"10.48"
MI,tract,21,2,"3,017","886",29.37,"1,508.06"
LA,tract,14,1,"1,388","6",0.43,"2.64"
MS,tract,17,3,"878","10",1.14,"42.82"
NC,tract,13,2,"2,672","2,054",76.87,"1,048.99"
MS,county,22,2,"82","1",1.22,"0.83"
SC,tract,21,1,"1,323","1",0.08,"5.78"
MO,tract,26,3,"1,654","1,654",100.00,"2,003.66"
TX,tract,30,2,"6,896","10",0.15,"41,362.17"
PA,tract,24,2,"3,446","1,754",50.90,"948.21"
TN,tract,29,2,"1,701","503",29.57,"1,912.92"
TN,tract,28,2,"1,701","519",30.51,"1,695.14"
PA,tract,42,3,"3,446","687",19.94,"10,715.47"
MO,tract,19,3,"1,654","1,654",100.00,"11.48"
MO,tract,20,1,"1,654","354",21.40,"24.79"
NJ,tract,30,1,"2,181","26",1.19,"25.01"
MS,county,12,3,"82","1",1.22,"0.44"
MS,county,17,1,"82","0",0.00,"0.11"
PA,tract,31,2,"3,446","1,025",29.74,"2,181.87"
NC,tract,25,2,"2,672","188",7.04,"14,320.27"
PA,tract,24,3,"3,446","1,964",56.99,"1,481.35"
TN,tract,20,1,"1,701","621",36.51,"14.95"
MS,county,34,2,"82","1",1.22,"0.83"
MI,tract,14,3,"3,017","3,017",100.00,"443.20"
MD,tract,31,1,"1,475","0",0.00,"16.33"
NJ,tract,34,3,"2,181","5",0.23,"4,818.38"
MS,county,14,2,"82","1",1.22,"0.84"
NJ,tract,24,1,"2,181","119",5.46,"22.97"
TN,tract,24,3,"1,701","888",52.20,"409.91"
PA,tract,34,2,"3,446","761",22.08,"2,339.27"
IL,tract,29,2,"3,265","86",2.63,"2,352.40"
PA,tract,50,2,"3,446","30",0.87,"5,500.74"
IL,tract,26,2,"3,265","189",5.79,"1,928.20"
MD,tract,31,3,"1,475","0",0.00,"1,364.92"
PA,tract,38,3,"3,446","917",26.61,"7,244.41"
AL,tract,17,1,"1,437","7",0.49,"3.29"
NJ,tract,14,3,"2,181","1,537",70.47,"317.48"
IL,tract,34,1,"3,265","0",0.00,"47.80"
MO,tract,16,1,"1,654","1,189",71.89,"18.26"
PA,tract,23,3,"3,446","2,035",59.05,"1,176.42"
TN,tract,42,1,"1,701","15",0.88,"23.29"
TN,tract,28,3,"1,701","616",36.21,"594.05"
PA,tract,44,2,"3,446","320",9.29,"4,505.25"
VA,tract,31,2,"2,198","38",1.73,"2,423.65"
IL,tract,21,1,"3,265","188",5.76,"32.21"
NJ,tract,29,1,"2,181","42",1.93,"25.43"
IL,tract,17,1,"3,265","460",14.09,"27.89"
MS,county,39,2,"82","1",1.22,"0.85"
NJ,tract,20,3,"2,181","880",40.35,"1,401.94"
PA,tract,30,3,"3,446","1,376",39.93,"3,524.22"
GA,tract,14,3,"2,796","769",27.50,"680.66"
MD,tract,30,3,"1,475","1",0.07,"1,420.53"
MS,county,17,3,"82","1",1.22,"0.40"
PA,tract,37,1,"3,446","258",7.49,"60.20"
PA,tract,23,1,"3,446","1,340",38.89,"62.25"
PA,tract,25,3,"3,446","1,893",54.93,"1,959.91"
NJ,tract,16,1,"2,181","652",29.89,"25.82"
VA,tract,21,1,"2,198","240",10.92,"18.52"
GA,tract,23,1,"2,796","0",0.00,"11.90"
TN,tract,19,3,"1,701","1,209",71.08,"124.78"
TN,tract,24,1,"1,701","329",19.34,"16.80"
VA,tract,28,2,"2,198","140",6.37,"2,911.97"
MO,tract,21,1,"1,654","267",16.14,"24.01"
MS,county,31,3,"82","1",1.22,"0.40"
PA,tract,48,2,"3,446","103",2.99,"5,150.03"
NC,tract,25,3,"2,672","188",7.04,"5,552.53"
PA,tract,47,2,"3,446","167",4.85,"5,534.53"
MS,county,13,1,"82","0",0.00,"0.10"
IL,tract,16,1,"3,265","600",18.38,"26.39"
MS,county,27,1,"82","0",0.00,"0.11"
MI,tract,17,2,"3,017","1,182",39.18,"688.26"
AL,tract,15,3,"1,437","340",23.66,"679.53"
NC,tract,15,3,"2,672","2,672",100.00,"1,290.53"
MI,tract,30,2,"3,017","18",0.60,"3,392.16"
TX,tract,13,3,"6,896","6,896",100.00,"120.82"
MD,tract,21,3,"1,475","31",2.10,"487.39"
SC,tract,17,2,"1,323","101",7.63,"569.87"
SC,tract,22,2,"1,323","0",0.00,"569.73"
TX,tract,31,1,"6,896","0",0.00,"271.93"
MI,tract,20,1,"3,017","400",13.26,"29.66"
TN,tract,23,3,"1,701","965",56.73,"321.37"
TN,tract,41,3,"1,701","95",5.58,"2,246.89"
SC,tract,13,2,"1,323","241",18.22,"229.69"
MS,county,29,1,"82","0",0.00,"0.10"
NC,tract,31,1,"2,672","5",0.19,"30.37"
MD,tract,20,2,"1,475","32",2.17,"338.13"
NC,tract,32,3,"2,672","12",0.45,"6,239.49"
TN,tract,20,2,"1,701","936",55.03,"332.77"
MD,tract,29,2,"1,475","5",0.34,"528.90"
VA,tract,13,3,"2,198","1,365",62.10,"284.89"
NJ,tract,27,2,"2,181","152",6.97,"2,974.54"
MS,county,09,1,"82","0",0.00,"0.06"
TN,tract,39,2,"1,701","160",9.41,"4,220.21"
NC,tract,23,2,"2,672","285",10.67,"12,969.09"
MI,tract,19,2,"3,017","964",31.95,"1,028.62"
TX,tract,21,3,"6,896","1,514",21.95,"146,101.26"
NJ,tract,35,1,"2,181","0",0.00,"32.72"
VA,tract,15,2,"2,198","1,045",47.54,"925.42"
IL,tract,30,1,"3,265","6",0.18,"32.48"
TN,tract,26,2,"1,701","614",36.10,"1,241.33"
PA,tract,17,1,"3,446","1,859",53.95,"48.98"
MI,tract,25,3,"3,017","836",27.71,"7,194.58"
IL,tract,20,2,"3,265","563",17.24,"1,876.63"
TX,tract,19,2,"6,896","2,151",31.19,"25,611.49"
NJ,tract,26,2,"2,181","172",7.89,"3,671.87"
PA,tract,21,3,"3,446","2,189",63.52,"983.01"
VA,tract,30,2,"2,198","68",3.09,"2,676.63"
PA,tract,51,2,"3,446","10",0.29,"5,308.26"
IL,tract,21,3,"3,265","938",28.73,"7,863.30"
OH,tract,24,3,"3,168","1,030",32.51,"24,014.47"
TN,tract,45,2,"1,701","22",1.29,"3,680.68"
IL,tract,27,3,"3,265","259",7.93,"7,143.66"
MS,county,09,2,"82","1",1.22,"0.84"
VA,tract,22,2,"2,198","480",21.84,"3,586.69"
TN,tract,47,2,"1,701","2",0.12,"3,917.26"
IL,tract,26,1,"3,265","55",1.68,"30.94"
MO,tract,29,3,"1,654","71",4.29,"3,801.05"
GA,tract,19,3,"2,796","101",3.61,"2,086.20"
NC,tract,18,2,"2,672","585",21.89,"11,589.76"
MO,tract,28,1,"1,654","17",1.03,"18.74"
MI,tract,16,3,"3,017","2,106",69.80,"1,283.50"
MI,tract,22,1,"3,017","236",7.82,"29.27"
OH,tract,27,2,"3,168","6",0.19,"10,707.24"
IL,tract,22,3,"3,265","786",24.07,"8,482.75"
OH,tract,18,2,"3,168","1,407",44.41,"6,242.88"
MD,tract,24,3,"1,475","21",1.42,"635.49"
TN,tract,39,3,"1,701","163",9.58,"2,125.67"
IL,tract,15,2,"3,265","1,294",39.63,"684.47"
GA,tract,21,1,"2,796","0",0.00,"9.92"
MS,county,06,3,"82","12",14.63,"0.17"
MS,county,38,2,"82","1",1.22,"0.83"
TN,tract,41,2,"1,701","95",5.58,"4,429.13"
TX,tract,21,2,"6,896","1,480",21.46,"30,616.99"
IL,tract,27,1,"3,265","45",1.38,"32.65"
VA,tract,25,3,"2,198","303",13.79,"2,585.15"
NC,tract,28,1,"2,672","22",0.82,"27.31"
GA,tract,14,2,"2,796","355",12.70,"347.34"
MO,tract,19,1,"1,654","497",30.05,"24.03"
VA,tract,19,2,"2,198","728",33.12,"2,290.43"
OH,tract,17,3,"3,168","3,168",100.00,"1,517.15"
GA,tract,16,3,"2,796","421",15.06,"1,117.22"
PA,tract,14,2,"3,446","2,425",70.37,"128.51"
NC,tract,34,2,"2,672","0",0.00,"15,104.47"
NJ,tract,25,2,"2,181","218",10.00,"3,953.27"
NJ,tract,22,1,"2,181","215",9.86,"23.67"
NC,tract,14,3,"2,672","2,672",100.00,"444.16"
VA,tract,25,1,"2,198","105",4.78,"20.19"
TN,tract,36,1,"1,701","83",4.88,"17.22"
TN,tract,23,1,"1,701","399",23.46,"16.56"
MS,county,41,1,"82","0",0.00,"0.09"
TN,tract,32,2,"1,701","418",24.57,"2,842.79"
NC,tract,25,1,"2,672","70",2.62,"25.91"
IL,tract,25,2,"3,265","209",6.40,"1,886.86"
IL,tract,18,3,"3,265","1,321",40.46,"5,327.15"
PA,tract,15,1,"3,446","2,133",61.90,"38.70"
MI,tract,26,2,"3,017","336",11.14,"3,386.76"
MS,county,25,1,"82","0",0.00,"0.10"
MO,tract,20,3,"1,654","1,654",100.00,"227.16"
VA,tract,23,3,"2,198","427",19.43,"2,162.42"
MO,tract,31,3,"1,654","1",0.06,"2,671.90"
SC,tract,21,2,"1,323","4",0.30,"634.35"
NC,tract,28,2,"2,672","83",3.11,"14,634.45"
IL,tract,22,2,"3,265","381",11.67,"1,784.34"
OH,tract,27,1,"3,168","0",0.00,"36.52"
NC,tract,15,1,"2,672","606",22.68,"27.56"
AL,tract,19,1,"1,437","0",0.00,"3.78"
OH,tract,26,1,"3,168","0",0.00,"33.73"
IL,tract,17,2,"3,265","1,003",30.72,"1,288.51"
MS,county,20,2,"82","1",1.22,"0.84"
TN,tract,39,1,"1,701","38",2.23,"19.42"
NC,tract,23,3,"2,672","348",13.02,"5,380.70"
TN,tract,15,1,"1,701","911",53.56,"12.19"
IL,tract,18,1,"3,265","441",13.51,"29.94"
TX,tract,19,3,"6,896","2,603",37.75,"86,569.55"
PA,tract,34,3,"3,446","1,084",31.46,"5,507.93"
TX,tract,19,1,"6,896","1,231",17.85,"294.27"
SC,tract,22,1,"1,323","0",0.00,"5.76"
MS,county,37,3,"82","1",1.22,"0.44"
MS,county,40,1,"82","0",0.00,"0.11"
MS,county,18,3,"82","1",1.22,"0.40"
OH,tract,17,1,"3,168","554",17.49,"49.04"
TN,tract,47,1,"1,701","0",0.00,"36.97"
VA,tract,23,1,"2,198","161",7.32,"19.78"
MD,tract,26,3,"1,475","16",1.08,"889.74"
TN,tract,19,2,"1,701","947",55.67,"240.51"
TX,tract,31,3,"6,896","3",0.04,"192,414.65"
VA,tract,17,1,"2,198","589",26.80,"19.71"
PA,tract,22,2,"3,446","1,914",55.54,"933.63"
NC,tract,23,1,"2,672","110",4.12,"25.89"
PA,tract,27,3,"3,446","1,747",50.70,"2,779.22"
PA,tract,15,3,"3,446","2,547",73.91,"239.56"
PA,tract,19,3,"3,446","2,328",67.56,"521.03"
VA,tract,29,1,"2,198","30",1.36,"20.55"
TX,tract,16,2,"6,896","3,855",55.90,"15,577.87"
MI,tract,21,3,"3,017","1,388",46.01,"4,466.98"
MI,tract,33,3,"3,017","0",0.00,"8,400.27"
TN,tract,17,3,"1,701","1,250",73.49,"66.77"
MS,county,15,2,"82","1",1.22,"0.82"
MD,tract,29,3,"1,475","5",0.34,"1,540.20"
NJ,tract,32,3,"2,181","46",2.11,"4,935.96"
NC,tract,29,3,"2,672","53",1.98,"5,864.96"
PA,tract,26,3,"3,446","1,827",53.02,"2,143.54"
MD,tract,29,1,"1,475","1",0.07,"12.69"
MS,county,37,1,"82","0",0.00,"0.11"
TX,tract,29,2,"6,896","33",0.48,"42,379.25"
MS,county,32,3,"82","1",1.22,"0.40"
TX,tract,23,3,"6,896","939",13.62,"155,364.26"
MS,tract,18,3,"878","0",0.00,"42.49"
TN,tract,43,2,"1,701","57",3.35,"4,168.16"
NJ,tract,18,3,"2,181","1,054",48.33,"1,000.93"
MS,county,15,1,"82","0",0.00,"0.11"
SC,tract,13,1,"1,323","123",9.30,"5.43"
MS,county,18,2,"82","1",1.22,"0.83"
MS,county,16,1,"82","0",0.00,"0.11"
OH,tract,16,2,"3,168","1,947",61.46,"3,040.50"
MS,county,33,2,"82","1",1.22,"0.83"
GA,tract,20,2,"2,796","27",0.97,"1,056.76"
TN,tract,22,3,"1,701","1,059",62.26,"242.74"
VA,tract,31,3,"2,198","38",1.73,"4,005.55"
IL,tract,33,2,"3,265","0",0.00,"2,029.74"
TX,tract,16,3,"6,896","6,848",99.30,"5,534.52"
NC,tract,21,1,"2,672","183",6.85,"25.69"
MD,tract,30,1,"1,475","0",0.00,"15.15"
MI,tract,17,1,"3,017","724",24.00,"26.50"
TN,tract,22,2,"1,701","805",47.33,"547.75"
IL,tract,32,1,"3,265","3",0.09,"40.44"
NC,tract,32,1,"2,672","3",0.11,"28.39"
MO,tract,21,2,"1,654","759",45.89,"1,835.81"
OH,tract,14,3,"3,168","3,168",100.00,"168.61"
NC,tract,14,2,"2,672","1,555",58.20,"5,376.74"
MD,tract,20,1,"1,475","12",0.81,"4.22"
MD,tract,28,3,"1,475","8",0.54,"1,254.41"
MS,county,10,3,"82","1",1.22,"0.30"
TN,tract,18,1,"1,701","754",44.33,"13.68"
VA,tract,25,2,"2,198","291",13.24,"3,610.30"
MD,tract,19,2,"1,475","33",2.24,"301.59"
MD,tract,14,1,"1,475","51",3.46,"3.18"
VA,tract,27,3,"2,198","190",8.64,"3,222.14"
TX,tract,28,3,"6,896","86",1.25,"180,701.38"
PA,tract,50,3,"3,446","58",1.68,"24,463.49"
MS,county,19,3,"82","1",1.22,"0.40"
IL,tract,25,3,"3,265","437",13.38,"7,154.23"
PA,tract,22,1,"3,446","1,428",41.44,"61.62"
MD,tract,31,2,"1,475","0",0.00,"497.47"
MS,county,23,3,"82","1",1.22,"0.41"
PA,tract,29,1,"3,446","579",16.80,"63.06"
AL,tract,14,2,"1,437","156",10.86,"280.95"
OH,tract,13,1,"3,168","2,256",71.21,"39.87"
AL,tract,19,3,"1,437","1",0.07,"442.89"
MO,tract,22,1,"1,654","212",12.82,"25.01"
TN,tract,14,2,"1,701","1,153",67.78,"52.32"
TN,tract,30,2,"1,701","473",27.81,"2,052.17"
TN,tract,25,1,"1,701","299",17.58,"16.82"
MI,tract,25,1,"3,017","97",3.22,"24.62"
PA,tract,13,1,"3,446","2,285",66.31,"31.42"
MS,county,30,2,"82","1",1.22,"0.82"
GA,tract,22,1,"2,796","0",0.00,"11.15"
VA,tract,26,3,"2,198","237",10.78,"3,071.22"
PA,tract,32,3,"3,446","1,197",34.74,"5,121.10"
IL,tract,17,3,"3,265","1,482",45.39,"3,423.15"
MI,tract,31,1,"3,017","1",0.03,"24.04"
AL,tract,15,2,"1,437","104",7.24,"342.72"
TN,tract,44,1,"1,701","6",0.35,"28.70"
PA,tract,13,2,"3,446","2,555",74.14,"89.02"
TN,tract,28,1,"1,701","182",10.70,"15.08"
VA,tract,33,1,"2,198","0",0.00,"33.70"
TX,tract,32,1,"6,896","0",0.00,"270.83"
TN,tract,32,3,"1,701","472",27.75,"952.98"
GA,tract,19,2,"2,796","63",2.25,"1,179.62"
AL,tract,16,2,"1,437","59",4.11,"486.39"
MI,tract,18,3,"3,017","1,716",56.88,"2,096.85"
NJ,tract,22,3,"2,181","797",36.54,"1,812.97"
MI,tract,15,1,"3,017","1,107",36.69,"25.58"
TX,tract,12,3,"6,896","6,896",100.00,"0.00"
GA,tract,16,2,"2,796","210",7.51,"480.83"
PA,tract,39,1,"3,446","199",5.77,"60.00"
TN,tract,16,1,"1,701","851",50.03,"12.87"
MD,tract,15,2,"1,475","82",5.56,"273.23"
MD,tract,24,1,"1,475","8",0.54,"6.14"
NJ,tract,16,2,"2,181","1,027",47.09,"1,354.30"
NC,tract,31,2,"2,672","23",0.86,"15,271.30"
IL,tract,32,3,"3,265","7",0.21,"8,616.82"
MI,tract,24,3,"3,017","994",32.95,"7,277.84"
MD,tract,14,2,"1,475","112",7.59,"218.04"
IL,tract,15,3,"3,265","1,938",59.36,"1,318.35"
IL,tract,24,2,"3,265","266",8.15,"1,833.58"
MD,tract,26,1,"1,475","9",0.61,"9.04"
SC,tract,22,3,"1,323","0",0.00,"543.62"
NJ,tract,28,3,"2,181","211",9.67,"3,945.32"
OH,tract,20,3,"3,168","1,652",52.15,"12,396.60"
MS,county,38,3,"82","1",1.22,"0.40"
MD,tract,17,2,"1,475","40",2.71,"266.07"
VA,tract,13,2,"2,198","1,244",56.60,"273.38"
IL,tract,33,1,"3,265","0",0.00,"42.30"
PA,tract,47,3,"3,446","277",8.04,"16,008.34"
SC,tract,14,1,"1,323","82",6.20,"5.06"
MO,tract,30,2,"1,654","5",0.30,"4,897.38"
MS,county,41,3,"82","1",1.22,"0.39"
TX,tract,26,3,"6,896","328",4.76,"164,372.61"
MI,tract,20,2,"3,017","991",32.85,"1,163.28"
GA,tract,20,1,"2,796","1",0.04,"9.85"
VA,tract,32,3,"2,198","1",0.05,"4,482.87"
PA,tract,23,2,"3,446","1,825",52.96,"987.24"
IL,tract,25,1,"3,265","88",2.70,"36.29"
NJ,tract,17,1,"2,181","509",23.34,"25.76"
MS,county,06,2,"82","9",10.98,"0.34"
MS,county,33,1,"82","0",0.00,"0.10"
TN,tract,38,1,"1,701","42",2.47,"18.95"
PA,tract,25,2,"3,446","1,636",47.48,"728.60"
TN,tract,26,3,"1,701","712",41.86,"578.86"
MS,county,28,2,"82","1",1.22,"0.87"
NJ,tract,13,3,"2,181","1,691",77.53,"222.13"
TN,tract,14,1,"1,701","978",57.50,"11.83"
TX,tract,27,2,"6,896","186",2.70,"43,505.90"
IL,tract,20,3,"3,265","1,053",32.25,"7,896.27"
TX,tract,30,3,"6,896","14",0.20,"191,318.99"
NJ,tract,26,1,"2,181","74",3.39,"21.42"
OH,tract,21,2,"3,168","246",7.77,"11,398.17"
VA,tract,13,1,"2,198","993",45.18,"14.71"
VA,tract,24,1,"2,198","130",5.91,"20.55"
PA,tract,34,1,"3,446","306",8.88,"58.62"
MS,county,28,3,"82","1",1.22,"0.41"
GA,tract,18,3,"2,796","186",6.65,"1,794.78"
TX,tract,32,2,"6,896","0",0.00,"40,655.41"
OH,tract,14,2,"3,168","2,367",74.72,"1,290.19"
TN,tract,44,3,"1,701","42",2.47,"2,896.58"
PA,tract,29,3,"3,446","1,481",42.98,"3,287.12"
TN,tract,37,3,"1,701","265",15.58,"1,504.31"
VA,tract,16,3,"2,198","1,081",49.18,"594.35"
MS,county,21,3,"82","1",1.22,"0.40"
MS,county,39,3,"82","1",1.22,"0.40"
NJ,tract,25,3,"2,181","522",23.93,"3,546.68"
MI,tract,28,1,"3,017","24",0.80,"23.57"
VA,tract,14,3,"2,198","1,283",58.37,"279.60"
PA,tract,49,1,"3,446","18",0.52,"91.67"
NJ,tract,32,2,"2,181","27",1.24,"2,347.24"
NJ,tract,20,2,"2,181","656",30.08,"3,721.16"
MO,tract,24,3,"1,654","1,654",100.00,"1,303.61"
MI,tract,27,2,"3,017","247",8.19,"3,762.37"
MO,tract,28,3,"1,654","138",8.34,"6,392.45"
MS,county,06,1,"82","6",7.32,"0.08"
PA,tract,36,3,"3,446","999",28.99,"5,716.39"
IL,tract,23,3,"3,265","665",20.37,"8,138.64"
MD,tract,22,1,"1,475","8",0.54,"4.69"
MD,tract,22,2,"1,475","21",1.42,"407.40"
OH,tract,19,1,"3,168","161",5.08,"42.59"
TN,tract,33,1,"1,701","86",5.06,"14.41"
PA,tract,26,1,"3,446","999",28.99,"64.76"
SC,tract,19,3,"1,323","69",5.22,"437.88"
SC,tract,18,2,"1,323","77",5.82,"552.22"
NC,tract,22,3,"2,672","439",16.43,"5,100.45"
SC,tract,19,1,"1,323","9",0.68,"5.13"
PA,tract,21,1,"3,446","1,472",42.72,"59.02"
TN,tract,26,1,"1,701","235",13.82,"15.40"
TX,tract,15,2,"6,896","4,558",66.10,"10,389.91"
MS,county,40,3,"82","1",1.22,"0.39"
VA,tract,22,1,"2,198","193",8.78,"18.94"
PA,tract,39,2,"3,446","639",18.54,"2,567.55"
MO,tract,16,3,"1,654","1,654",100.00,"0.00"
PA,tract,32,2,"3,446","902",26.18,"2,296.23"
VA,tract,30,1,"2,198","15",0.68,"23.38"
NJ,tract,26,3,"2,181","336",15.41,"3,874.18"
MI,tract,29,2,"3,017","74",2.45,"3,846.69"
OH,tract,13,2,"3,168","3,168",100.00,"5.57"
TN,tract,31,2,"1,701","455",26.75,"2,213.74"
PA,tract,33,1,"3,446","312",9.05,"58.89"
MS,county,13,2,"82","1",1.22,"0.82"
MO,tract,23,3,"1,654","1,654",100.00,"836.26"
SC,tract,20,1,"1,323","9",0.68,"5.21"
MS,county,28,1,"82","0",0.00,"0.10"
MI,tract,17,3,"3,017","1,909",63.27,"1,593.33"
PA,tract,45,2,"3,446","221",6.41,"5,164.08"
OH,tract,18,1,"3,168","264",8.33,"47.76"
TX,tract,20,1,"6,896","928",13.46,"287.84"
MI,tract,24,1,"3,017","128",4.24,"26.23"
IL,tract,13,3,"3,265","2,262",69.28,"697.78"
TN,tract,32,1,"1,701","102",6.00,"14.75"
VA,tract,27,1,"2,198","64",2.91,"21.22"
TX,tract,28,1,"6,896","15",0.22,"245.97"
NJ,tract,13,1,"2,181","1,062",48.69,"22.41"
NC,tract,20,2,"2,672","456",17.07,"12,386.91"
IL,tract,31,1,"3,265","6",0.18,"38.79"
LA,tract,17,3,"1,388","1",0.07,"316.43"
MO,tract,26,1,"1,654","39",2.36,"19.58"
TX,tract,24,1,"6,896","214",3.10,"257.33"
PA,tract,29,2,"3,446","1,352",39.23,"1,139.06"
MO,tract,17,3,"1,654","1,654",100.00,"0.00"
MO,tract,14,1,"1,654","1,654",100.00,"15.38"
OH,tract,25,1,"3,168","4",0.13,"32.52"
TN,tract,15,2,"1,701","1,144",67.25,"15.21"
NJ,tract,35,2,"2,181","0",0.00,"2,315.41"
NJ,tract,18,2,"2,181","800",36.68,"3,154.19"
IL,tract,23,2,"3,265","326",9.98,"1,956.96"
PA,tract,43,1,"3,446","119",3.45,"56.53"
NJ,tract,27,1,"2,181","83",3.81,"23.75"
VA,tract,26,2,"2,198","234",10.65,"3,458.84"
VA,tract,23,2,"2,198","425",19.34,"3,819.70"
NC,tract,20,1,"2,672","200",7.49,"25.18"
NC,tract,19,1,"2,672","258",9.66,"25.65"
VA,tract,26,1,"2,198","73",3.32,"21.43"
NC,tract,13,1,"2,672","1,019",38.14,"28.70"
MS,county,11,2,"82","1",1.22,"1.26"
MS,county,16,2,"82","1",1.22,"0.83"
OH,tract,22,2,"3,168","128",4.04,"11,710.39"
TX,tract,29,1,"6,896","7",0.10,"251.57"
TN,tract,48,1,"1,701","0",0.00,"40.92"
PA,tract,27,1,"3,446","856",24.84,"63.19"
OH,tract,23,1,"3,168","14",0.44,"33.92"
PA,tract,21,2,"3,446","1,962",56.94,"967.86"
TN,tract,20,3,"1,701","1,180",69.37,"169.03"
PA,tract,26,2,"3,446","1,649",47.85,"768.44"
AL,tract,20,2,"1,437","0",0.00,"462.11"
TX,tract,21,1,"6,896","634",9.19,"273.34"
TN,tract,37,1,"1,701","62",3.64,"18.03"
VA,tract,21,2,"2,198","543",24.70,"3,434.70"
GA,tract,18,2,"2,796","105",3.76,"897.49"
OH,tract,22,3,"3,168","1,258",39.71,"23,179.93"
LA,tract,14,3,"1,388","122",8.79,"465.78"
TN,tract,34,3,"1,701","371",21.81,"1,189.47"
NJ,tract,31,1,"2,181","16",0.73,"26.11"
VA,tract,27,2,"2,198","183",8.33,"3,191.21"
NJ,tract,12,1,"2,181","1,289",59.10,"17.99"
NC,tract,16,2,"2,672","916",34.28,"10,436.34"
TX,tract,12,2,"6,896","6,896",100.00,"13.29"
TN,tract,23,2,"1,701","756",44.44,"708.06"
TX,tract,12,1,"6,896","5,363",77.77,"100.20"
SC,tract,15,2,"1,323","169",12.77,"378.91"
TN,tract,18,3,"1,701","1,228",72.19,"59.95"
MS,county,23,2,"82","1",1.22,"0.82"
GA,tract,17,3,"2,796","293",10.48,"1,635.13"
PA,tract,44,3,"3,446","502",14.57,"13,374.11"
MO,tract,14,2,"1,654","1,654",100.00,"0.00"
NC,tract,33,1,"2,672","0",0.00,"33.14"
IL,tract,19,1,"3,265","329",10.08,"31.04"
IL,tract,19,3,"3,265","1,191",36.48,"6,535.47"
MD,tract,26,2,"1,475","16",1.08,"465.62"
PA,tract,48,1,"3,446","33",0.96,"65.63"
GA,tract,14,1,"2,796","166",5.94,"9.24"
PA,tract,40,1,"3,446","176",5.11,"55.46"
PA,tract,32,1,"3,446","373",10.82,"57.10"
AL,tract,14,1,"1,437","58",4.04,"3.79"
MS,county,31,2,"82","1",1.22,"0.85"
MS,county,29,3,"82","1",1.22,"0.40"
NC,tract,24,2,"2,672","237",8.87,"13,598.22"
TN,tract,29,1,"1,701","160",9.41,"16.47"
MO,tract,22,3,"1,654","1,654",100.00,"641.00"
MS,county,22,3,"82","1",1.22,"0.40"
MI,tract,15,3,"3,017","2,639",87.47,"761.21"
TX,tract,27,3,"6,896","189",2.74,"175,875.28"
GA,tract,23,2,"2,796","0",0.00,"737.04"
MO,tract,24,1,"1,654","91",5.50,"20.77"
TN,tract,36,2,"1,701","280",16.46,"3,609.96"
MI,tract,23,3,"3,017","1,143",37.89,"5,892.18"
NC,tract,33,3,"2,672","5",0.19,"6,737.23"
NC,tract,17,2,"2,672","690",25.82,"11,178.34"
MO,tract,23,1,"1,654","154",9.31,"23.20"
PA,tract,41,3,"3,446","760",22.05,"9,544.13"
MI,tract,29,1,"3,017","19",0.63,"25.48"
TX,tract,26,2,"6,896","327",4.74,"42,212.98"
NC,tract,24,3,"2,672","249",9.32,"5,243.85"
MI,tract,16,1,"3,017","865",28.67,"25.25"
MD,tract,30,2,"1,475","1",0.07,"553.64"
MS,tract,15,2,"878","29",3.30,"27.39"
MD,tract,21,1,"1,475","11",0.75,"4.56"
NC,tract,16,1,"2,672","446",16.69,"27.26"
VA,tract,31,1,"2,198","16",0.73,"25.43"
OH,tract,13,3,"3,168","3,168",100.00,"0.00"
NJ,tract,24,2,"2,181","303",13.89,"3,783.86"
PA,tract,20,1,"3,446","1,591",46.17,"56.73"
MS,tract,17,1,"878","0",0.00,"0.91"
NJ,tract,32,1,"2,181","14",0.64,"26.51"
TN,tract,24,2,"1,701","701",41.21,"831.81"
VA,tract,17,3,"2,198","955",43.45,"805.35"
VA,tract,29,2,"2,198","102",4.64,"2,628.27"
PA,tract,18,1,"3,446","1,809",52.50,"49.41"
MI,tract,18,1,"3,017","687",22.77,"29.99"
NJ,tract,19,1,"2,181","349",16.00,"24.17"
TN,tract,36,3,"1,701","304",17.87,"1,319.14"
IL,tract,16,2,"3,265","1,087",33.29,"882.82"
MD,tract,19,1,"1,475","15",1.02,"4.22"
IL,tract,29,3,"3,265","155",4.75,"7,604.02"
NC,tract,32,2,"2,672","12",0.45,"15,343.91"
MI,tract,23,2,"3,017","704",23.33,"2,632.91"
MI,tract,16,2,"3,017","1,251",41.47,"577.89"
NJ,tract,33,3,"2,181","24",1.10,"4,956.61"
NJ,tract,15,1,"2,181","813",37.28,"23.70"
NC,tract,29,2,"2,672","53",1.98,"14,565.03"
MO,tract,25,1,"1,654","73",4.41,"19.61"
TN,tract,40,1,"1,701","26",1.53,"17.37"
PA,tract,31,3,"3,446","1,279",37.12,"4,118.11"
VA,tract,19,1,"2,198","375",17.06,"19.85"
TX,tract,20,2,"6,896","1,774",25.73,"28,728.31"
NJ,tract,28,1,"2,181","55",2.52,"21.83"
MS,county,31,1,"82","0",0.00,"0.10"
MO,tract,29,2,"1,654","25",1.51,"5,163.74"
TN,tract,46,3,"1,701","7",0.41,"3,973.20"
OH,tract,28,3,"3,168","0",0.00,"18,562.97"
PA,tract,19,2,"3,446","2,182",63.32,"401.69"
MO,tract,27,2,"1,654","103",6.23,"5,554.49"
IL,tract,14,1,"3,265","975",29.86,"25.02"
TX,tract,22,3,"6,896","1,212",17.58,"162,068.40"
MI,tract,31,3,"3,017","54",1.79,"10,477.02"
TX,tract,23,2,"6,896","931",13.50,"37,007.10"
PA,tract,52,2,"3,446","0",0.00,"5,026.93"
TX,tract,20,3,"6,896","1,868",27.09,"124,357.55"
GA,tract,15,1,"2,796","81",2.90,"8.16"
TN,tract,17,1,"1,701","808",47.50,"13.40"
MS,county,18,1,"82","0",0.00,"0.11"
MD,tract,17,1,"1,475","22",1.49,"3.48"
TX,tract,16,1,"6,896","2,677",38.82,"218.24"
MS,tract,17,2,"878","0",0.00,"20.93"
NJ,tract,35,3,"2,181","0",0.00,"5,086.64"
MO,tract,18,2,"1,654","1,654",100.00,"4.00"
IL,tract,16,3,"3,265","1,681",51.49,"2,700.20"
IL,tract,30,3,"3,265","98",3.00,"8,376.77"
NJ,tract,29,2,"2,181","80",3.67,"2,620.83"
PA,tract,51,1,"3,446","1",0.03,"153.55"
PA,tract,18,3,"3,446","2,375",68.92,"418.02"
OH,tract,22,1,"3,168","25",0.79,"32.46"
GA,tract,22,3,"2,796","2",0.07,"2,391.54"
PA,tract,46,2,"3,446","188",5.46,"5,405.94"
TN,tract,33,2,"1,701","393",23.10,"2,818.88"
OH,tract,20,2,"3,168","667",21.05,"9,692.18"
TN,tract,31,1,"1,701","89",5.23,"13.52"
VA,tract,19,3,"2,198","791",35.99,"1,171.79"
PA,tract,50,1,"3,446","6",0.17,"98.15"
TX,tract,22,2,"6,896","1,200",17.40,"33,650.74"
MD,tract,16,1,"1,475","24",1.63,"3.62"
TN,tract,46,1,"1,701","1",0.06,"36.49"
MS,county,07,3,"82","7",8.54,"0.20"
PA,tract,35,2,"3,446","695",20.17,"2,539.29"
AL,tract,16,1,"1,437","15",1.04,"3.65"
PA,tract,27,2,"3,446","1,563",45.36,"831.05"
MS,tract,15,3,"878","100",11.39,"56.49"
MO,tract,32,1,"1,654","0",0.00,"32.62"
IL,tract,13,2,"3,265","1,587",48.61,"304.17"
LA,tract,17,2,"1,388","0",0.00,"188.44"
TN,tract,14,3,"1,701","1,343",78.95,"38.73"
PA,tract,16,2,"3,446","2,332",67.67,"201.13"
MO,tract,31,1,"1,654","0",0.00,"31.23"
MS,county,30,1,"82","0",0.00,"0.11"
NJ,tract,33,2,"2,181","10",0.46,"2,259.21"
TN,tract,48,3,"1,701","0",0.00,"4,305.52"
GA,tract,16,1,"2,796","74",2.65,"8.52"
TX,tract,18,2,"6,896","2,556",37.06,"22,697.53"
OH,tract,21,3,"3,168","1,404",44.32,"19,691.57"
IL,tract,28,1,"3,265","42",1.29,"34.03"
OH,tract,15,3,"3,168","3,168",100.00,"518.61"
OH,tract,28,2,"3,168","0",0.00,"10,926.41"
VA,tract,20,2,"2,198","626",28.48,"2,926.70"
MD,tract,28,2,"1,475","8",0.54,"549.33"
NJ,tract,19,2,"2,181","714",32.74,"3,470.63"
OH,tract,23,3,"3,168","1,105",34.88,"23,877.97"
MD,tract,27,2,"1,475","12",0.81,"531.26"
LA,tract,16,2,"1,388","2",0.14,"170.16"
NJ,tract,15,3,"2,181","1,380",63.27,"430.47"
AL,tract,14,3,"1,437","638",44.40,"695.32"
TX,tract,25,1,"6,896","142",2.06,"255.26"
MD,tract,22,3,"1,475","30",2.03,"587.68"
NJ,tract,18,1,"2,181","386",17.70,"23.50"
MO,tract,25,2,"1,654","262",15.84,"4,632.40"
TX,tract,23,1,"6,896","314",4.55,"272.84"
TN,tract,42,3,"1,701","75",4.41,"2,711.68"
NC,tract,33,2,"2,672","5",0.19,"15,470.52"
TN,tract,35,2,"1,701","308",18.11,"3,478.55"
PA,tract,45,1,"3,446","73",2.12,"58.17"
MI,tract,32,1,"3,017","0",0.00,"29.41"
TN,tract,21,1,"1,701","568",33.39,"15.03"
VA,tract,24,2,"2,198","363",16.52,"4,156.26"
MS,county,26,2,"82","1",1.22,"0.82"
NC,tract,26,3,"2,672","158",5.91,"5,853.85"
NJ,tract,23,2,"2,181","403",18.48,"3,671.82"
MS,county,36,2,"82","1",1.22,"0.84"
MS,county,07,2,"82","6",7.32,"0.58"
NJ,tract,31,2,"2,181","41",1.88,"2,322.15"
PA,tract,14,1,"3,446","2,176",63.15,"35.01"
TN,tract,34,1,"1,701","69",4.06,"15.37"
NC,tract,18,3,"2,672","1,037",38.81,"8,966.52"
MI,tract,31,2,"3,017","2",0.07,"2,656.22"
TN,tract,30,3,"1,701","542",31.86,"787.15"
NJ,tract,12,2,"2,181","1,533",70.29,"112.16"
MI,tract,25,2,"3,017","474",15.71,"3,326.14"
SC,tract,20,3,"1,323","26",1.97,"490.08"
TN,tract,47,3,"1,701","2",0.12,"3,801.23"
LA,tract,18,3,"1,388","0",0.00,"296.42"
OH,tract,19,3,"3,168","1,964",61.99,"7,742.47"
AL,tract,19,2,"1,437","0",0.00,"386.82"
NC,tract,19,2,"2,672","529",19.80,"11,921.19"
OH,tract,14,1,"3,168","1,943",61.33,"49.40"
VA,tract,18,1,"2,198","461",20.97,"19.92"
MS,county,12,1,"82","0",0.00,"0.10"
MS,county,41,2,"82","1",1.22,"0.83"
TN,tract,31,3,"1,701","512",30.10,"787.97"
MS,tract,16,1,"878","3",0.34,"0.89"
OH,tract,16,3,"3,168","3,168",100.00,"809.12"
OH,tract,25,2,"3,168","31",0.98,"10,961.82"
VA,tract,33,3,"2,198","0",0.00,"4,762.11"
MO,tract,30,1,"1,654","3",0.18,"28.05"
MI,tract,29,3,"3,017","258",8.55,"10,297.87"
AL,tract,18,1,"1,437","1",0.07,"3.48"
TX,tract,14,1,"6,896","4,166",60.41,"162.49"
VA,tract,32,2,"2,198","1",0.05,"2,414.24"
NC,tract,30,3,"2,672","32",1.20,"6,197.21"
IL,tract,24,1,"3,265","116",3.55,"32.48"
TX,tract,13,1,"6,896","4,731",68.60,"130.35"
MD,tract,15,1,"1,475","44",2.98,"3.96"
MO,tract,23,2,"1,654","511",30.89,"2,248.21"
GA,tract,22,2,"2,796","1",0.04,"855.42"
NJ,tract,21,3,"2,181","830",38.06,"1,566.73"
PA,tract,20,2,"3,446","2,099",60.91,"687.68"
PA,tract,48,3,"3,446","212",6.15,"16,928.79"
MO,tract,30,3,"1,654","18",1.09,"3,024.75"
TX,tract,24,3,"6,896","716",10.38,"153,727.57"
IL,tract,34,3,"3,265","0",0.00,"10,237.23"
PA,tract,46,1,"3,446","55",1.60,"64.55"
